"1;""E1A"";""AN2"";""tut1rcicle"";""A02"";5;3;;"
"1;""E1A"";""PE1"";""tut1rcicle"";""A02"";5;3;;"
"2;""E1A"";""ES8"";""R4"";""A02"";2;2;;"
"2;""E1A"";""ES8"";""R4"";""A02"";3;5;;"
"2;""E1A"";""ES8"";""R4"";""A02"";4;8;;"
"2;""E1B"";""EC1"";""R4"";""A03"";2;2;;"
"2;""E1B"";""EC1"";""R4"";""A03"";3;5;;"
"2;""E1B"";""EC1"";""R4"";""A03"";4;8;;"
"2;""1AB"";""AN2"";""R4"";""AAN"";2;2;;"
"2;""1AB"";""AN2"";""R4"";""AAN"";3;5;;"
"2;""1AB"";""AN2"";""R4"";""AAN"";4;8;;"
"5;""E1A"";""TE13"";""TEC"";""A02"";4;4;;"
"5;""E1A"";""TE13"";""TECB"";""A02"";4;4;;"
"7;""E1A"";""TE13"";""TEC"";""ATE1"";2;5;;"
"7;;""D1A"";;;2;5;;"
"7;""E1A"";""CN6"";""EXP"";""LBI"";2;5;;"
"8;""E1A"";""TE13"";""TECB"";""ATE1"";1;1;;"
"8;;""D1A"";;;1;1;;"
"8;""E1A"";""CN6"";""EXPB"";""LBI"";1;1;;"
"258;""E1A"";""TE13"";""TIC"";""AINM"";3;4;;"
"258;""E1A"";""AN2"";""TIC"";""AING"";3;4;;"
"257;""E1A"";""AN2"";""ALT"";""A02"";1;5;;"
"411;""E1C"";""CA6"";""tut1rcicle"";""A04"";2;5;;"
"411;""E1C"";""MU6"";""tut1rcicle"";""A04"";2;5;;"
"9;""E1A"";""CA12"";""R1"";""A02"";2;4;;"
"9;""E1A"";""CA12"";""R1"";""A02"";4;3;;"
"9;""E1A"";""CA12"";""R1"";""A02"";5;2;;"
"9;""E1B"";""ES8"";""R1"";""A03"";2;4;;"
"9;""E1B"";""ES8"";""R1"";""A03"";4;3;;"
"9;""E1B"";""ES8"";""R1"";""A03"";5;2;;"
"9;""1AB"";""EC1"";""R1"";""A04"";2;4;;"
"9;""1AB"";""EC1"";""R1"";""A15"";4;3;;"
"9;""1AB"";""EC1"";""R1"";""A15"";5;2;;"
"9;""1AB"";""PE1"";""R1"";""SFI"";2;4;;"
"9;""1AB"";""PE1"";""R1"";""SFI"";4;3;;"
"9;""1AB"";""PE1"";""R1"";""SFI"";5;2;;"
"10;""E1A"";""HI5"";""R2"";""A02"";1;3;;"
"10;""E1A"";""HI5"";""R2"";""A02"";3;2;;"
"10;""E1A"";""HI5"";""R2"";""A02"";5;4;;"
"10;""E1B"";""CA12"";""R2"";""A03"";1;3;;"
"10;""E1B"";""CA12"";""R2"";""A03"";3;2;;"
"10;""E1B"";""CA12"";""R2"";""A03"";5;4;;"
"10;""1AB"";""ES8"";""R2"";""A01"";1;3;;"
"10;""1AB"";""ES8"";""R2"";""A01"";3;2;;"
"10;""1AB"";""ES8"";""R2"";""A24"";5;4;;"
"10;""1AB"";""PE1"";""R2"";""SFI"";1;3;;"
"10;""1AB"";""PE1"";""R2"";""SFI"";3;2;;"
"10;""1AB"";""PE1"";""R2"";""SFI"";5;4;;"
"13;""E1A"";""CN6"";""EXPB"";""A02"";3;3;;"
"13;""E1A"";""CN6"";""EXPB"";""A02"";4;7;;"
"13;""E1A"";""CN6"";""EXP"";""A02"";3;3;;"
"13;""E1A"";""CN6"";""EXP"";""A02"";4;7;;"
"18;""E1B"";""TE13"";""TEC"";""A03"";4;7;;"
"18;""E1B"";""TE13"";""TECB"";""A03"";4;7;;"
"20;""E1B"";""TE13"";""TEC"";""ATE1"";2;3;;"
"20;;""D1B"";;;2;3;;"
"20;""E1B"";""CN6"";""EXP"";""LBI"";2;3;;"
"21;""E1B"";""TE13"";""TECB"";""ATE1"";5;1;;"
"21;;""D1B"";;;5;1;;"
"21;""E1B"";""CN6"";""EXPB"";""LBI"";5;1;;"
"295;""E1D"";""TE13"";""TEC"";""A06"";5;5;;"
"295;""E1D"";""TE13"";""TECB"";;5;5;;"
"297;""E1D"";""TE13"";""TEC"";""ATE1"";2;1;;"
"297;;""D1D"";;;2;1;;"
"297;""E1D"";""CN7"";""EXP"";""LBI"";2;1;;"
"298;""E1D"";""TE13"";""TECB"";""ATE1"";4;1;;"
"298;;""D1D"";;;4;1;;"
"298;""E1D"";""CN7"";""EXPB"";""LBI"";4;1;;"
"26;""E1C"";""TE13"";""TEC"";""A04"";1;4;;"
"26;""E1C"";""TE13"";""TECB"";""A04"";1;4;;"
"266;""E1C"";""CA6"";""ALT"";""A04"";4;8;;"
"265;""E1B"";""TE13"";""TIC"";""AINM"";1;5;;"
"265;""E1B"";""TE1"";""TIC"";""AING"";1;5;;"
"28;""E1C"";""TE13"";""TEC"";""ATE1"";3;3;;"
"28;;""D1C"";;;3;3;;"
"28;""E1C"";""CN7"";""EXP"";""LBI"";3;3;;"
"29;""E1C"";""TE13"";""TECB"";""ATE1"";3;1;;"
"29;;""D1C"";;;3;1;;"
"29;""E1C"";""CN7"";""EXPB"";""LBI"";3;1;;"
"235;""E2A"";""FQ6"";""EXPB"";""LFI"";3;1;;"
"235;;""D2A"";;""AING"";3;1;;"
"235;""E2A"";""TE9"";""TECB"";""ATE2"";3;1;;"
"234;""E2A"";""FQ6"";""EXP"";""LFI"";3;2;;"
"234;;""D2A"";;""AINM"";3;2;;"
"234;""E2A"";""TE9"";""TEC"";""ATE1"";3;2;;"
"30;""E2A"";""AN3"";""tut1rcicle"";""A17"";4;5;;"
"30;""E2A"";""PE1"";""tut1rcicle"";""A17"";4;5;;"
"31;""E2A"";""AN3"";""ANG"";""A17"";2;8;;"
"31;""E2A"";""AN3"";""ANG"";""A17"";3;5;;"
"35;""E2A"";""FQ6"";""EXP"";""A17"";2;7;;"
"35;""E2A"";""FQ6"";""EXP"";""A17"";5;5;;"
"35;""E2A"";""FQ6"";""EXPB"";""A17"";2;7;;"
"35;""E2A"";""FQ6"";""EXPB"";""A17"";5;5;;"
"39;""E2A"";""CA4"";""R1"";""A17"";1;2;;"
"39;""E2A"";""CA4"";""R1"";""A17"";2;3;;"
"39;""E2A"";""CA4"";""R1"";""A17"";4;4;;"
"39;""E2B"";""ES7"";""R1"";""A18"";1;2;;"
"39;""E2B"";""ES7"";""R1"";""A18"";2;3;;"
"39;""E2B"";""ES7"";""R1"";""A18"";4;4;;"
"39;""2AB"";""PE1"";""R1"";""SFI"";1;2;;"
"39;""2AB"";""PE1"";""R1"";""SFI"";2;3;;"
"39;""2AB"";""PE1"";""R1"";""SFI"";4;4;;"
"39;""2AB"";""MA5"";""R1"";""A08"";1;2;;"
"39;""2AB"";""MA5"";""R1"";""A16"";2;3;;"
"39;""2AB"";""MA5"";""R1"";""A15"";4;4;;"
"40;""E2A"";""HI6"";""R2"";""A17"";1;5;;"
"40;""E2A"";""HI6"";""R2"";""A17"";3;4;;"
"40;""E2A"";""HI6"";""R2"";""A17"";4;1;;"
"40;""E2B"";""CA4"";""R2"";""A18"";1;5;;"
"40;""E2B"";""CA4"";""R2"";""A18"";3;4;;"
"40;""E2B"";""CA4"";""R2"";""A18"";4;1;;"
"40;""2AB"";""PS1"";""R2"";""A03"";1;5;;"
"40;""2AB"";""PS1"";""R2"";""A02"";3;4;;"
"40;""2AB"";""PS1"";""R2"";""A02"";4;1;;"
"40;""2AB"";""PE1"";""R2"";""SFI"";1;5;;"
"40;""2AB"";""PE1"";""R2"";""SFI"";3;4;;"
"40;""2AB"";""PE1"";""R2"";""SFI"";4;1;;"
"41;""E2A"";""MA5"";""R3"";""A17"";1;1;;"
"41;""E2A"";""MA5"";""R3"";""A17"";2;2;;"
"41;""E2A"";""MA5"";""R3"";""A17"";5;1;;"
"41;""E2B"";""HI6"";""R3"";""A18"";1;1;;"
"41;""E2B"";""HI6"";""R3"";""A18"";2;2;;"
"41;""E2B"";""HI6"";""R3"";""A18"";5;1;;"
"41;""2AB"";""CA12"";""R3"";""A15"";1;1;;"
"41;""2AB"";""CA12"";""R3"";""A15"";2;2;;"
"41;""2AB"";""CA12"";""R3"";""A16"";5;1;;"
"41;""2AB"";""PE1"";""R3"";""SFI"";1;1;;"
"41;""2AB"";""PE1"";""R3"";""SFI"";2;2;;"
"41;""2AB"";""PE1"";""R3"";""SFI"";5;1;;"
"45;""E2B"";""EF3"";""EDF"";""PIS2"";1;4;;"
"45;""E2B"";""EF3"";""EDF"";""PIS2"";3;5;;"
"49;;""D2B"";;""AING"";2;8;;"
"49;""E2B"";""FQ6"";""EXP"";""LFI"";2;8;;"
"49;""E2B"";""TE9"";""TEC"";""ATE1"";2;8;;"
"50;;""D2B"";;""AING"";4;2;;"
"50;""E2B"";""FQ6"";""EXPB"";""LFI"";4;2;;"
"50;""E2B"";""TE9"";""TECB"";""ATE1"";4;2;;"
"54;""E2C"";""AN4"";""ANG"";""A15"";2;8;;"
"54;""E2C"";""AN4"";""ANG"";""A15"";4;5;;"
"59;""E2C"";""FQ6"";""EXP"";""LFI"";4;4;;"
"59;;""D2C"";;""AINM"";4;4;;"
"59;""E2C"";""TE9"";""TEC"";""ATE1"";4;4;;"
"60;""E2C"";""FQ6"";""EXPB"";""LFI"";4;3;;"
"60;;""D2C"";;""AING"";4;3;;"
"60;""E2C"";""TE9"";""TECB"";""ATE1"";4;3;;"
"632;""E2D"";""MA5"";""tut1rcicle"";""A16"";5;4;;"
"632;""E2D"";""MU1"";""tut1rcicle"";""A16"";5;4;;"
"62;""E2C"";""CA12"";""R1"";""A15"";1;5;;"
"62;""E2C"";""CA12"";""R1"";""A15"";3;1;;"
"62;""E2C"";""CA12"";""R1"";""A15"";5;3;;"
"62;""E2D"";""ES8"";""R1"";""A16"";1;5;;"
"62;""E2D"";""ES8"";""R1"";""A16"";3;1;;"
"62;""E2D"";""ES8"";""R1"";""A16"";5;3;;"
"62;""2CD"";""MA5"";""R1"";""A05"";1;5;;"
"62;""2CD"";""MA5"";""R1"";""A17"";3;1;;"
"62;""2CD"";""MA5"";""R1"";""A17"";5;3;;"
"63;""E2C"";""MA5"";""R2"";""A15"";3;3;;"
"63;""E2C"";""MA5"";""R2"";""A15"";4;1;;"
"63;""E2C"";""MA5"";""R2"";""A15"";5;5;;"
"63;""E2D"";""CA12"";""R2"";""A16"";3;3;;"
"63;""E2D"";""CA12"";""R2"";""A16"";4;1;;"
"63;""E2D"";""CA12"";""R2"";""A16"";5;5;;"
"63;""2CD"";""ES8"";""R2"";""A04"";3;3;;"
"63;""2CD"";""ES8"";""R2"";""A04"";4;1;;"
"63;""2CD"";""ES8"";""R2"";""A18"";5;5;;"
"64;""E2C"";""ES8"";""R3"";""A15"";1;4;;"
"64;""E2C"";""ES8"";""R3"";""A15"";3;4;;"
"64;""E2C"";""ES8"";""R3"";""A15"";4;2;;"
"64;""E2D"";""MA5"";""R3"";""A16"";1;4;;"
"64;""E2D"";""MA5"";""R3"";""A16"";3;4;;"
"64;""E2D"";""MA5"";""R3"";""A16"";4;2;;"
"64;""2CD"";""CA12"";""R3"";""A18"";1;4;;"
"64;""2CD"";""CA12"";""R3"";""A04"";3;4;;"
"64;""2CD"";""CA12"";""R3"";""A18"";4;2;;"
"66;""E2D"";""HI6"";""SOC"";""A16"";1;2;;"
"66;""E2D"";""HI6"";""SOC"";""A16"";2;8;;"
"66;""E2D"";""HI6"";""SOC"";""A16"";4;4;;"
"67;""E2D"";""EF3"";""EDF"";""PIS2"";2;3;;"
"67;""E2D"";""EF3"";""EDF"";""PIS2"";4;3;;"
"71;""E2D"";""FQ6"";""EXP"";""LFI"";5;2;;"
"71;;""D2D"";;""AING"";5;2;;"
"71;""E2D"";""TE9"";""TEC"";""ATE1"";5;2;;"
"72;;""D2D"";;""AING"";4;5;;"
"72;""E2D"";""FQ6"";""EXPB"";""LFI"";4;5;;"
"72;""E2D"";""TE9"";""TECB"";""ATE1"";4;5;;"
"87;""E3D"";""FI5"";""CIU"";""A24"";2;7;;"
"74;""E3A"";""HI8"";""tut3r"";""A21"";2;3;;"
"74;""E3B"";""TE1"";""tut3r"";""A22"";2;3;;"
"74;""E3A"";""AN2"";""tut3r"";""A21"";2;3;;"
"75;""E3A"";""HI8"";""SOC"";""A21"";2;8;;"
"75;""E3A"";""HI8"";""SOC"";""A21"";3;3;;"
"75;""E3A"";""HI8"";""SOC"";""A21"";5;4;;"
"76;""E3A"";""EF3"";""EDF"";""GIM"";2;5;;"
"76;""E3A"";""EF3"";""EDF"";""GIM"";4;1;;"
"78;""E3A"";""TE1"";""TEC"";""A21"";5;1;;"
"79;""E3A"";""TE1"";""TEC"";""ATE2"";1;2;;"
"79;""E3A"";""TE1"";""TEC"";""ATE2"";2;2;;"
"79;""E3B"";""FQ3"";""EXP"";""A22"";1;2;;"
"79;""E3B"";""FQ3"";""EXP"";""A22"";2;2;;"
"79;""E3A"";""CN8"";""EXP"";""LBI"";1;2;;"
"79;""E3A"";""CN8"";""EXP"";""LBI"";2;2;;"
"79;""E3A"";""D3AB"";""EXP"";""LQ"";1;2;;"
"79;""E3A"";""D3AB"";""EXP"";""LFI"";2;2;;"
"79;""E3A"";""D3inA"";;""AINP"";1;2;;"
"79;""E3A"";""D3inA"";;""AING"";2;2;;"
"86;""E3B"";""EC1"";""CV1"";""A22"";1;5;;"
"86;""E3B"";""EC1"";""CV1"";""A22"";3;4;;"
"86;""E3C"";""FR3"";""CV1"";""AFR"";1;5;;"
"86;""E3C"";""FR3"";""CV1"";""AFR"";3;4;;"
"86;""E3D"";""CA6"";""CV1"";""A24"";1;5;;"
"86;""E3D"";""CA6"";""CV1"";""A24"";3;4;;"
"86;""E3C"";""MA7"";""CV1"";""A23"";1;5;;"
"86;""E3C"";""MA7"";""CV1"";""A23"";3;4;;"
"86;""E3A"";""HI5"";""CV1"";""A21"";1;5;;"
"86;""E3A"";""HI5"";""CV1"";""A21"";3;4;;"
"86;""E3A"";""HI8"";""CV1"";""A21"";1;5;;"
"86;""E3A"";""HI8"";""CV1"";""A21"";3;4;;"
"86;""E3D"";""TE9"";""CV1"";""ATE2"";1;5;;"
"86;""E3D"";""TE9"";""CV1"";""ATE2"";3;4;;"
"86;""E3B"";""DI1"";""CV1"";""ADI"";1;5;;"
"86;""E3B"";""DI1"";""CV1"";""ADI"";3;4;;"
"89;""E3B"";""HI8"";""SOC"";""A22"";1;4;;"
"89;""E3B"";""HI8"";""SOC"";""A22"";2;7;;"
"89;""E3B"";""HI8"";""SOC"";""A22"";4;2;;"
"90;""E3B"";""EF3"";""EDF"";""GIM"";3;2;;"
"90;""E3B"";""EF3"";""EDF"";""GIM"";5;5;;"
"92;""E3B"";""TE1"";""TEC"";""A22"";2;1;;"
"270;""E3B"";""FI5"";""CIU"";""A22"";4;1;;"
"96;""E3C"";""FI5"";""CIU"";""A23"";1;3;;"
"97;""E3C"";""HI10"";""SOC"";""A23"";2;8;;"
"97;""E3C"";""HI10"";""SOC"";""A23"";4;1;;"
"97;""E3C"";""HI10"";""SOC"";""A23"";5;1;;"
"97;;;;""A23"";2;8;;"
"97;;;;""A23"";4;1;;"
"97;;;;""A23"";5;1;;"
"99;""E3C"";""EF3"";""EDF"";""GIM"";2;2;;"
"99;""E3C"";""EF3"";""EDF"";""GIM"";4;7;;"
"100;""E3C"";""TE3"";""TEC"";""A23"";4;2;;"
"101;""E3C"";""TE3"";""TEC"";""ATE2"";2;4;;"
"101;""E3C"";""TE3"";""TEC"";""ATE2"";3;5;;"
"101;""E3D"";""FQ3"";""EXP"";""A24"";2;4;;"
"101;""E3D"";""FQ3"";""EXP"";""A24"";3;5;;"
"101;""E3C"";""CN8"";""EXP"";""LBI"";2;4;;"
"101;""E3C"";""CN8"";""EXP"";""LBI"";3;5;;"
"101;""E3C"";""D3C"";""EXP"";""LFI"";2;4;;"
"101;""E3C"";""D3C"";""EXP"";""LFI"";3;5;;"
"101;""E3C"";""D3inC"";;""AING"";2;4;;"
"101;""E3C"";""D3inC"";;""AING"";3;5;;"
"103;""E3D"";""TE1"";""TEC"";""ATE2"";1;1;;"
"103;""E3D"";""TE1"";""TEC"";""ATE2"";5;5;;"
"103;""E3C"";""CN8"";""EXP"";""A23"";1;1;;"
"103;""E3C"";""CN8"";""EXP"";""A23"";5;5;;"
"103;""E3D"";""D3D"";""EXP"";""LGE"";1;1;;"
"103;""E3D"";""D3D"";""EXP"";""LBI"";5;5;;"
"103;""E3D"";""FQ3"";""EXP"";""LFI"";1;1;;"
"103;""E3D"";""FQ3"";""EXP"";""LFI"";5;5;;"
"103;""E3D"";""D3inD"";;""AING"";1;1;;"
"103;""E3D"";""D3inD"";;""AING"";5;5;;"
"314;""E4C"";""CA4"";""CAT"";""A07"";2;4;;"
"314;""E4C"";""CA4"";""CAT"";""A07"";3;2;;"
"314;""E4C"";""CA4"";""CAT"";""A07"";5;5;;"
"281;""E4C"";""ES7"";""ESP"";""A07"";2;1;;"
"281;""E4C"";""ES7"";""ESP"";""A07"";3;5;;"
"281;""E4C"";""ES7"";""ESP"";""A07"";5;1;;"
"104;""E4A"";""AN4"";""tut4t"";""A01"";1;6;;"
"104;""E4C"";""HI1"";""tut4t"";""A07"";1;6;;"
"104;""E4D"";""CA4"";""tut4t"";""A08"";1;6;;"
"104;""E4B"";""ES7"";""tut4t"";""A05"";1;6;;"
"107;""E4A"";""MA4"";""MAT"";""A01"";1;5;;"
"107;""E4A"";""MA4"";""MAT"";""A01"";2;5;;"
"107;""E4A"";""MA4"";""MAT"";""A01"";4;4;;"
"107;""E4A"";""MA4"";""MAT"";""A01"";5;3;;"
"108;""E4A"";""HI1"";""SOC"";""A01"";2;3;;"
"108;""E4A"";""HI1"";""SOC"";""A01"";4;8;;"
"108;""E4A"";""HI1"";""SOC"";""A01"";5;1;;"
"109;""E4A"";""EF1"";""EDF"";""PIS1"";1;3;;"
"109;""E4A"";""EF1"";""EDF"";""PIS1"";4;3;;"
"278;""E4A"";""PS1"";""ESP"";""A01"";1;1;;"
"278;""E4A"";""PS1"";""ESP"";""A01"";2;1;;"
"278;""E4A"";""PS1"";""ESP"";""A01"";4;5;;"
"122;""E4B"";""MA4"";""MAT"";""A05"";1;4;;"
"122;""E4B"";""MA4"";""MAT"";""A05"";2;8;;"
"122;""E4B"";""MA4"";""MAT"";""A05"";3;5;;"
"122;""E4B"";""MA4"";""MAT"";""A05"";4;2;;"
"123;""E4B"";""HI1"";""SOC"";""A05"";2;1;;"
"123;""E4B"";""HI1"";""SOC"";""A05"";4;1;;"
"123;""E4B"";""HI1"";""SOC"";""A05"";5;2;;"
"124;""E4B"";""EF1"";""EDF"";""PIS1"";3;2;;"
"124;""E4B"";""EF1"";""EDF"";""GIM"";5;1;;"
"125;""E4B"";""AN4"";""ANG"";""A05"";1;1;;"
"125;""E4B"";""AN4"";""ANG"";""A05"";2;7;;"
"131;""E4A"";""AN4"";""ANG"";""A01"";2;4;;"
"131;""E4A"";""AN4"";""ANG"";""A01"";3;1;;"
"134;""E4A"";""FR3"";""LT"";""A01"";2;2;;"
"134;""E4A"";""FR3"";""LT"";""A01"";3;6;;"
"134;""E4A"";""FR3"";""LT"";""A01"";5;5;;"
"139;""E4C"";""HI1"";""SOC"";""A07"";1;4;;"
"139;""E4C"";""HI1"";""SOC"";""A07"";3;3;;"
"139;""E4C"";""HI1"";""SOC"";""A07"";4;2;;"
"140;""E4C"";""EF1"";""EDF"";""PIS1"";2;5;;"
"140;""E4C"";""EF1"";""EDF"";""GIM"";5;2;;"
"142;""E4C"";""AN5"";""ANG"";""A07"";2;7;;"
"142;""E4C"";""AN5"";""ANG"";""A07"";4;1;;"
"159;""B1A"";""FI5"";""TUT1BTX"";""A26"";2;6;;"
"159;""B1B"";""CA8"";""TUT1BTX"";""A28"";2;6;;"
"171;""B1A"";""MA4"";""BLOC1"";""A26"";1;6;;"
"171;""B1A"";""MA4"";""BLOC1"";""A26"";3;1;;"
"171;""B1A"";""MA4"";""BLOC1"";""A26"";4;3;;"
"171;""B1A"";""MA4"";""BLOC1"";""A26"";5;1;;"
"171;""B1B"";""CL1"";""BLOC1"";""SCL"";1;6;;"
"171;""B1B"";""CL1"";""BLOC1"";""SCL"";3;1;;"
"171;""B1B"";""CL1"";""BLOC1"";""SCL"";4;3;;"
"171;""B1B"";""CL1"";""BLOC1"";""SCL"";5;1;;"
"171;""B1B"";""MA1"";""BLOC1"";""A28"";1;6;;"
"171;""B1B"";""MA1"";""BLOC1"";""A28"";3;1;;"
"171;""B1B"";""MA1"";""BLOC1"";""A28"";4;3;;"
"171;""B1B"";""MA1"";""BLOC1"";""A28"";5;1;;"
"232;""B1A"";""ES2"";""BLOC4"";""A26"";1;3;;"
"232;""B1A"";""ES2"";""BLOC4"";""A26"";2;3;;"
"232;""B1A"";""ES2"";""BLOC4"";""A26"";3;3;;"
"232;""B1A"";""ES2"";""BLOC4"";""A26"";5;4;;"
"232;""B1B"";""DI1"";""BLOC4"";""ADI"";1;3;;"
"232;""B1B"";""DI1"";""BLOC4"";""ADI"";2;3;;"
"232;""B1B"";""DI1"";""BLOC4"";""ADI"";3;3;;"
"232;""B1B"";""DI1"";""BLOC4"";""ADI"";5;4;;"
"232;""B1B"";""EC1"";""BLOC4"";""A28"";1;3;;"
"232;""B1B"";""EC1"";""BLOC4"";""A28"";2;3;;"
"232;""B1B"";""EC1"";""BLOC4"";""A28"";3;3;;"
"232;""B1B"";""EC1"";""BLOC4"";""A28"";5;4;;"
"232;""B1A"";""FQ3"";""BLOC4"";""LGE"";1;3;;"
"232;""B1A"";""FQ3"";""BLOC4"";""A08"";2;3;;"
"232;""B1A"";""FQ3"";""BLOC4"";""LGE"";3;3;;"
"232;""B1A"";""FQ3"";""BLOC4"";""LGE"";5;4;;"
"232;""B1A"";""FR3"";""BLOC4"";""AFR"";1;3;;"
"232;""B1A"";""FR3"";""BLOC4"";""AFR"";2;3;;"
"232;""B1A"";""FR3"";""BLOC4"";""AFR"";3;3;;"
"232;""B1A"";""FR3"";""BLOC4"";""AFR"";5;4;;"
"231;""B1A"";""CN6"";""BLOC3"";""A26"";2;1;;"
"231;""B1A"";""CN6"";""BLOC3"";""A26"";3;2;;"
"231;""B1A"";""CN6"";""BLOC3"";""A26"";4;5;;"
"231;""B1A"";""CN6"";""BLOC3"";""A26"";5;5;;"
"231;""B1B"";""HI8"";""BLOC3"";""A28"";2;1;;"
"231;""B1B"";""HI8"";""BLOC3"";""A28"";3;2;;"
"231;""B1B"";""HI8"";""BLOC3"";""A28"";4;5;;"
"231;""B1B"";""HI8"";""BLOC3"";""A28"";5;5;;"
"231;""B1A"";""TE3"";""BLOC3"";""ATE2"";2;1;;"
"231;""B1A"";""TE3"";""BLOC3"";""ATE2"";3;2;;"
"231;""B1A"";""TE3"";""BLOC3"";""ATE2"";4;5;;"
"231;""B1A"";""TE3"";""BLOC3"";""ATE1"";5;5;;"
"230;""B1B"";""EC1"";""BLOC2"";""A28"";1;4;;"
"230;""B1B"";""EC1"";""BLOC2"";""A28"";2;5;;"
"230;""B1B"";""EC1"";""BLOC2"";""A28"";4;2;;"
"230;""B1B"";""EC1"";""BLOC2"";""A28"";5;6;;"
"230;""B1B"";""CL3"";""BLOC2"";""A17"";1;4;;"
"230;""B1B"";""CL3"";""BLOC2"";""A21"";2;5;;"
"230;""B1B"";""CL3"";""BLOC2"";""A17"";4;2;;"
"230;""B1B"";""CL3"";""BLOC2"";""A21"";5;6;;"
"230;""B1A"";""FQ3"";""BLOC2"";""A26"";1;4;;"
"230;""B1A"";""FQ3"";""BLOC2"";""A26"";2;5;;"
"230;""B1A"";""FQ3"";""BLOC2"";""A26"";4;2;;"
"230;""B1A"";""FQ3"";""BLOC2"";""A26"";5;6;;"
"230;""B1A"";""CN7"";""BLOC2"";""LGE"";1;4;;"
"230;""B1A"";""CN7"";""BLOC2"";""LGE"";2;5;;"
"230;""B1A"";""CN7"";""BLOC2"";""LGE"";4;2;;"
"230;""B1A"";""CN7"";""BLOC2"";""LGE"";5;6;;"
"160;""B1A"";""CA8"";""CAT"";""A26"";2;4;;"
"160;""B1A"";""CA8"";""CAT"";""A26"";4;1;;"
"161;""B1A"";""ES7"";""ESP"";""A26"";1;1;;"
"161;""B1A"";""ES7"";""ESP"";""A26"";3;4;;"
"162;""B1A"";""FI5"";""FIL"";""A26"";1;5;;"
"162;""B1A"";""FI5"";""FIL"";""A26"";4;6;;"
"163;""B1A"";""AN7"";""ANG"";""A26"";2;2;;"
"163;""B1A"";""AN7"";""ANG"";""A26"";3;5;;"
"164;""B1A"";""EF3"";""EDF"";""GIM"";1;2;;"
"164;""B1A"";""EF3"";""EDF"";""GIM"";5;3;;"
"174;""B1B"";""ES7"";""ESP"";""A28"";3;6;;"
"174;""B1B"";""ES7"";""ESP"";""A28"";5;2;;"
"175;""B1B"";""FI5"";""FIL"";""A28"";1;2;;"
"175;""B1B"";""FI5"";""FIL"";""A28"";3;5;;"
"176;""B1B"";""AN7"";""ANG"";""A28"";1;1;;"
"176;""B1B"";""AN7"";""ANG"";""A28"";4;6;;"
"177;""B1B"";""EF3"";""EDF"";""GIM"";1;5;;"
"177;""B1B"";""EF3"";""EDF"";""GIM"";4;4;;"
"185;""B2A"";""CA11"";""CAT"";""A25"";5;6;;"
"185;""B2A"";""CA11"";""CATB"";;5;6;;"
"613;""B2A"";""CA11"";""CATB"";""A25"";3;1;;"
"613;""B2A"";""ES2"";""ESPB"";""A06"";3;1;;"
"612;""B2A"";""CA11"";""CAT"";""A25"";2;6;;"
"612;""B2A"";""ES2"";""ESP"";""A24"";2;6;;"
"186;""B2A"";""ES2"";""ESP"";""A25"";5;1;;"
"186;""B2A"";""ES2"";""ESPB"";;5;1;;"
"188;""B2A"";""AN3"";""ANG"";""A25"";1;1;;"
"188;""B2A"";""AN3"";""ANG"";""A25"";3;3;;"
"189;""B2A"";""MA3"";""BLOC1"";""A25"";1;5;;"
"189;""B2A"";""MA3"";""BLOC1"";""A25"";3;6;;"
"189;""B2A"";""MA3"";""BLOC1"";""A25"";4;1;;"
"189;""B2A"";""MA3"";""BLOC1"";""A25"";5;4;;"
"189;""B2B"";""CL1"";""BLOC1"";""SCL"";1;5;;"
"189;""B2B"";""CL1"";""BLOC1"";""SCL"";3;6;;"
"189;""B2B"";""CL1"";""BLOC1"";""SCL"";4;1;;"
"189;""B2B"";""CL1"";""BLOC1"";""SCL"";5;4;;"
"189;""B2B"";""MA2"";""BLOC1"";""A27"";1;5;;"
"189;""B2B"";""MA2"";""BLOC1"";""A27"";3;6;;"
"189;""B2B"";""MA2"";""BLOC1"";""A27"";4;1;;"
"189;""B2B"";""MA2"";""BLOC1"";""A27"";5;4;;"
"191;""B2A"";""FQ4"";""BLOC2"";""A25"";1;2;;"
"191;""B2A"";""FQ4"";""BLOC2"";""A25"";3;2;;"
"191;""B2A"";""FQ4"";""BLOC2"";""A25"";4;4;;"
"191;""B2A"";""FQ4"";""BLOC2"";""A25"";5;5;;"
"191;""B2B"";""EC1"";""BLOC2"";""A27"";1;2;;"
"191;""B2B"";""EC1"";""BLOC2"";""A27"";3;2;;"
"191;""B2B"";""EC1"";""BLOC2"";""A27"";4;4;;"
"191;""B2B"";""EC1"";""BLOC2"";""A27"";5;5;;"
"191;""B2B"";""CL3"";""BLOC2"";""A26"";1;2;;"
"191;""B2B"";""CL3"";""BLOC2"";""A17"";3;2;;"
"191;""B2B"";""CL3"";""BLOC2"";""A28"";4;4;;"
"191;""B2B"";""CL3"";""BLOC2"";""SCL"";5;5;;"
"193;""B2A"";""CN6"";""BLOC3"";""LBI"";1;3;;"
"193;""B2A"";""CN6"";""BLOC3"";""LGE"";2;4;;"
"193;""B2A"";""CN6"";""BLOC3"";""LGE"";3;5;;"
"193;""B2A"";""CN6"";""BLOC3"";""LGE"";5;3;;"
"193;""B2A"";""TE9"";""BLOC3"";""ATE2"";1;3;;"
"193;""B2A"";""TE9"";""BLOC3"";""ATE1"";2;4;;"
"193;""B2A"";""TE9"";""BLOC3"";""ATE1"";3;5;;"
"193;""B2A"";""TE9"";""BLOC3"";""ATE1"";5;3;;"
"193;""B2B"";""HI1"";""BLOC3"";""A25"";1;3;;"
"193;""B2B"";""HI1"";""BLOC3"";""A25"";2;4;;"
"193;""B2B"";""HI1"";""BLOC3"";""A25"";3;5;;"
"193;""B2B"";""HI1"";""BLOC3"";""A25"";5;3;;"
"193;""B2B"";""HI8"";""BLOC3"";""A27"";1;3;;"
"193;""B2B"";""HI8"";""BLOC3"";""A27"";2;4;;"
"193;""B2B"";""HI8"";""BLOC3"";""A27"";3;5;;"
"193;""B2B"";""HI8"";""BLOC3"";""A27"";5;3;;"
"194;""B2A"";""FQ4"";""BLOC4"";""A25"";1;4;;"
"194;""B2A"";""FQ4"";""BLOC4"";""A25"";2;5;;"
"194;""B2A"";""FQ4"";""BLOC4"";""A25"";4;3;;"
"194;""B2A"";""FQ4"";""BLOC4"";""A25"";5;2;;"
"194;""B2B"";""CA8"";""BLOC4"";""A27"";1;4;;"
"194;""B2B"";""CA8"";""BLOC4"";""A27"";2;5;;"
"194;""B2B"";""CA8"";""BLOC4"";""A27"";4;3;;"
"194;""B2B"";""CA8"";""BLOC4"";""A27"";5;2;;"
"194;""B2A"";""DI6"";""BLOC4"";""ADI"";1;4;;"
"194;""B2A"";""DI6"";""BLOC4"";""ADI"";2;5;;"
"194;""B2A"";""DI6"";""BLOC4"";""ADI"";4;3;;"
"194;""B2A"";""DI6"";""BLOC4"";""ADI"";5;2;;"
"194;""B2A"";""TE1"";""BLOC4"";""ATE1"";1;4;;"
"194;""B2A"";""TE1"";""BLOC4"";""ATE2"";2;5;;"
"194;""B2A"";""TE1"";""BLOC4"";""ATE2"";4;3;;"
"194;""B2A"";""TE1"";""BLOC4"";""ATE2"";5;2;;"
"199;""B2B"";""CA11"";""CAT"";""A27"";2;2;;"
"199;""B2B"";""CA11"";""CATB"";;2;2;;"
"200;""B2B"";""ES2"";""ESP"";""A27"";1;1;;"
"200;""B2B"";""ES2"";""ESPB"";;1;1;;"
"615;""B2B"";""CA11"";""CATB"";""SCL"";4;2;;"
"615;""B2B"";""ES2"";""ESPB"";""A27"";4;2;;"
"614;""B2B"";""ES2"";""ESP"";""A27"";3;4;;"
"614;""B2B"";""CA11"";""CAT"";""SCL"";3;4;;"
"202;""B2B"";""AN3"";""ANG"";""A27"";2;6;;"
"202;""B2B"";""AN3"";""ANG"";""A27"";5;1;;"
"208;""RAN"";""AN7"";""RES"";;1;4;;"
"208;""RAN"";""AN2"";""RES"";;1;4;;"
"208;""RAN"";""AN3"";""RES"";;1;4;;"
"208;""RAN"";""AN4"";""RES"";;1;4;;"
"208;""RAN"";""AN5"";""RES"";;1;4;;"
"209;""RES"";""ES2"";""RES"";;2;5;;"
"209;""RES"";""ES7"";""RES"";;2;5;;"
"209;""RES"";""ES4"";""RES"";;2;5;;"
"209;""RES"";""ES8"";""RES"";;2;5;;"
"209;""RES"";""PS1"";""RES"";;2;5;;"
"209;""RES"";""PE1"";""RES"";;2;5;;"
"210;""RCA"";""CA12"";""RES"";;4;6;;"
"210;""RCA"";""CA8"";""RES"";;4;6;;"
"210;""RCA"";""CA4"";""RES"";;4;6;;"
"210;""RCA"";""CA6"";""RES"";;4;6;;"
"210;""RCA"";""CA11"";""RES"";;4;6;;"
"211;""RCN"";""CN6"";""RES"";;4;6;;"
"211;""RCN"";""CN7"";""RES"";;4;6;;"
"211;""RCN"";""CN8"";""RES"";;4;6;;"
"212;""RFQ"";""FQ6"";""RES"";;4;6;;"
"212;""RFQ"";""FQ3"";""RES"";;4;6;;"
"212;""RFQ"";""FQ4"";""RES"";;4;6;;"
"214;""REF"";""EF1"";""RES"";;4;6;;"
"214;""REF"";""EF3"";""RES"";;4;6;;"
"215;""RHI"";""HI1"";""RES"";;4;3;;"
"215;""RHI"";""HI5"";""RES"";;4;3;;"
"215;""RHI"";""HI6"";""RES"";;4;3;;"
"215;""RHI"";""FI5"";""RES"";;4;3;;"
"215;""RHI"";""HI8"";""RES"";;4;3;;"
"215;""RHI"";""HI10"";""RES"";;4;3;;"
"216;""RMA"";""MA1"";""RES"";;4;6;;"
"216;""RMA"";""MA3"";""RES"";;4;6;;"
"216;""RMA"";""MA5"";""RES"";;4;6;;"
"216;""RMA"";""MA4"";""RES"";;4;6;;"
"216;""RMA"";""MA2"";""RES"";;4;6;;"
"216;""RMA"";""EC1"";""RES"";;4;6;;"
"216;""RMA"";""MA7"";""RES"";;4;6;;"
"217;""RTE"";""TE13"";""RES"";;4;6;;"
"217;""RTE"";""TE3"";""RES"";;4;6;;"
"217;""RTE"";""TE4"";""RES"";;4;6;;"
"217;""RTE"";""TE1"";""RES"";;4;6;;"
"217;""RTE"";""TE9"";""RES"";;4;6;;"
"219;""RMU"";""MU1"";""RES"";;3;2;;"
"219;""RMU"";""MU6"";""RES"";;3;2;;"
"221;""RD2"";""DI1"";""RED"";;3;6;;"
"221;""RD2"";""AN3"";""RED"";;3;6;;"
"221;""RD2"";""DI6"";""RED"";;3;6;;"
"221;""RD2"";""ES8"";""RED"";;3;6;;"
"221;""RD2"";""MA5"";""RED"";;3;6;;"
"221;""RD2"";""MU1"";""RED"";;3;6;;"
"221;""RD2"";""CA12"";""RED"";;3;6;;"
"221;""RD2"";""TE9"";""RED"";;3;6;;"
"221;""RD2"";""HI6"";""RED"";;3;6;;"
"221;""RD2"";""FQ6"";""RED"";;3;6;;"
"221;""RD2"";""PE1"";""RED"";;3;6;;"
"224;""RJU"";""MA4"";""REJ"";;5;5;;"
"224;""RJU"";""MA4"";""REJ"";;5;6;;"
"224;""RJU"";""ES4"";""REJ"";;5;5;;"
"224;""RJU"";""ES4"";""REJ"";;5;6;;"
"224;""RJU"";""CL1"";""REJ"";;5;5;;"
"224;""RJU"";""CL1"";""REJ"";;5;6;;"
"224;""RJU"";""MA2"";""REJ"";;5;5;;"
"224;""RJU"";""MA2"";""REJ"";;5;6;;"
"224;""RJU"";""TE4"";""REJ"";;5;5;;"
"224;""RJU"";""TE4"";""REJ"";;5;6;;"
"226;""RCL"";""CL1"";""RES"";;3;5;;"
"226;""RCL"";""CL3"";""RES"";;3;5;;"
"237;""E3A"";""CA11"";""CAT"";""A21"";2;1;;"
"237;""E3A"";""CA11"";""CAT"";""A21"";4;3;;"
"237;""E3A"";""CA11"";""CAT"";""A21"";5;5;;"
"238;""E3A"";""AN7"";""ANG"";""A21"";1;3;;"
"238;""E3A"";""AN7"";""ANG"";""A21"";2;4;;"
"239;""E3A"";""ES2"";""ESP"";""A21"";1;4;;"
"239;""E3A"";""ES2"";""ESP"";""A21"";3;2;;"
"239;""E3A"";""ES2"";""ESP"";""A21"";4;7;;"
"269;""E3A"";""FI5"";""CIU"";""A21"";1;1;;"
"240;""E3A"";""MA2"";""MAT"";""A21"";2;7;;"
"240;""E3A"";""MA2"";""MAT"";""A21"";3;5;;"
"240;""E3A"";""MA2"";""MAT"";""A21"";4;5;;"
"240;""E3A"";""MA2"";""MAT"";""A21"";5;2;;"
"241;""RD3"";""FQ4"";""RED"";;1;6;;"
"241;""RD3"";""HI8"";""RED"";;1;6;;"
"241;""RD3"";""TE1"";""RED"";;1;6;;"
"241;""RD3"";""CA11"";""RED"";;1;6;;"
"241;""RD3"";""AN7"";""RED"";;1;6;;"
"241;""RD3"";""EF3"";""RED"";;1;6;;"
"241;""RD3"";""FQ3"";""RED"";;1;6;;"
"241;""RD3"";""CN8"";""RED"";;1;6;;"
"241;""RD3"";""ES2"";""RED"";;1;6;;"
"241;""RD3"";""PS1"";""RED"";;1;6;;"
"241;""RD3"";""MA2"";""RED"";;1;6;;"
"241;""RD3"";""MA7"";""RED"";;1;6;;"
"241;""RD3"";""FI5"";""RED"";;1;6;;"
"242;""RD4"";""FQ4"";""RED"";;2;6;;"
"242;""RD4"";""AN4"";""RED"";;2;6;;"
"242;""RD4"";""HI1"";""RED"";;2;6;;"
"242;""RD4"";""CA4"";""RED"";;2;6;;"
"242;""RD4"";""ES7"";""RED"";;2;6;;"
"242;""RD4"";""EF1"";""RED"";;2;6;;"
"242;""RD4"";""MA3"";""RED"";;2;6;;"
"242;""RD4"";""FR3"";""RED"";;2;6;;"
"242;""RD4"";""TE4"";""RED"";;2;6;;"
"242;""RD4"";""TE3"";""RED"";;2;6;;"
"242;""RD4"";""CN7"";""RED"";;2;6;;"
"242;""RD4"";""CL3"";""RED"";;2;6;;"
"242;""RD4"";""MA4"";""RED"";;2;6;;"
"244;""E4C"";""FI5"";""ETIC"";""A07"";4;4;;"
"88;""E3D"";""HI8"";""SOC"";""A24"";1;2;;"
"88;""E3D"";""HI8"";""SOC"";""A24"";2;5;;"
"88;""E3D"";""HI8"";""SOC"";""A24"";5;2;;"
"274;""E3D"";""TE1"";""TEC"";""A24"";4;7;;"
"272;""E3D"";""EF3"";""EDF"";""GIM"";2;1;;"
"272;""E3D"";""EF3"";""EDF"";""GIM"";5;4;;"
"280;""E4B"";""ES7"";""ESP"";""A05"";3;3;;"
"280;""E4B"";""ES7"";""ESP"";""A05"";4;3;;"
"280;""E4B"";""ES7"";""ESP"";""A05"";5;5;;"
"328;""CFB"";""CF1"";""C4"";""LQ"";1;7;;"
"328;""CFB"";""CF1"";""C4"";""LQ"";1;8;;"
"328;""CFC"";""CF4"";""MICRO"";""LBI"";1;7;;"
"328;""CFC"";""CF4"";""MICRO"";""LBI"";1;8;;"
"282;""RCF"";""CF2"";""RES"";;3;6;;"
"282;""RCF"";""CF4"";""RES"";;3;6;;"
"282;""RCF"";""CF3"";""RES"";;3;6;;"
"282;""RCF"";""CF1"";""RES"";;3;6;;"
"282;""RCF"";""CF8"";""RES"";;3;6;;"
"299;""E2A"";""ES4"";""R4"";""A17"";2;1;;"
"299;""E2A"";""ES4"";""R4"";""A17"";4;8;;"
"299;""E2A"";""ES4"";""R4"";""A17"";5;2;;"
"299;""E2B"";""MA5"";""R4"";""A18"";2;1;;"
"299;""E2B"";""MA5"";""R4"";""A18"";4;8;;"
"299;""E2B"";""MA5"";""R4"";""A18"";5;2;;"
"299;""2AB"";""HI10"";""R4"";""A16"";2;1;;"
"299;""2AB"";""HI10"";""R4"";""A16"";4;8;;"
"299;""2AB"";""HI10"";""R4"";""A16"";5;2;;"
"300;""E2C"";""HI6"";""SOC"";""A15"";1;3;;"
"300;""E2C"";""HI6"";""SOC"";""A15"";2;7;;"
"300;""E2C"";""HI6"";""SOC"";""A15"";3;2;;"
"279;""E4A"";""CA6"";""CAT"";""A01"";3;3;;"
"279;""E4A"";""CA6"";""CAT"";""A01"";4;7;;"
"279;""E4A"";""CA6"";""CAT"";""A01"";5;2;;"
"301;""E4B"";""CA4"";""CAT"";""A05"";2;5;;"
"301;""E4B"";""CA4"";""CAT"";""A05"";3;1;;"
"301;""E4B"";""CA4"";""CAT"";""A05"";5;3;;"
"303;""E4D"";""EF1"";""EDF"";""PIS1"";2;1;;"
"303;""E4D"";""EF1"";""EDF"";""PIS1"";5;5;;"
"304;""E4D"";""ES7"";""ESP"";""A08"";1;4;;"
"304;""E4D"";""ES7"";""ESP"";""A08"";4;1;;"
"304;""E4D"";""ES7"";""ESP"";""A08"";5;3;;"
"306;""E4D"";""FI5"";""ETIC"";""A08"";2;8;;"
"198;""B2A"";""FI5"";""FIL"";""A25"";2;2;;"
"198;""B2A"";""FI5"";""FIL"";""A25"";3;4;;"
"198;""B2A"";""FI5"";""FIL"";""A25"";4;5;;"
"203;""B2B"";""FI5"";""FIL"";""A27"";2;1;;"
"203;""B2B"";""FI5"";""FIL"";""A27"";3;3;;"
"203;""B2B"";""FI5"";""FIL"";""A27"";5;6;;"
"233;""B1B"";""CA8"";""CAT"";""A28"";2;2;;"
"233;""B1B"";""CA8"";""CAT"";""A28"";5;3;;"
"320;""E1D"";""HI10"";""ALT"";""A06"";2;7;;"
"320;;;;""A06"";2;7;;"
"321;""B2A"";""HI6"";""TUT2BTX"";""A25"";4;6;;"
"321;""B2B"";""ES2"";""TUT2BTX"";""A27"";4;6;;"
"324;""CFB"";""CF4"";""MICRO"";""LBI"";1;11;;"
"324;""CFB"";""CF4"";""MICRO"";""LBI"";1;12;;"
"324;""CFC"";""CF1"";""C4"";""LQ"";1;11;;"
"324;""CFC"";""CF1"";""C4"";""LQ"";1;12;;"
"326;""CFB"";""CF3"";""C3"";""LFI"";4;9;;"
"326;""CFB"";""CF3"";""C3"";""LFI"";4;10;;"
"330;""CFB"";""CF2"";""C2"";""LFI"";2;10;;"
"330;""CFB"";""CF2"";""C2"";""LFI"";2;11;;"
"337;""CFA"";""CF4"";""MICRO"";""LBI"";1;9;;"
"337;""CFA"";""CF4"";""MICRO"";""LBI"";1;10;;"
"340;""CFA"";""CF3"";""C3"";""LFI"";1;7;;"
"340;""CFA"";""CF3"";""C3"";""LFI"";3;11;;"
"340;""CFA"";""CF3"";""C3"";""LFI"";3;12;;"
"344;""CFA"";""CF8"";""C4"";""LQ"";2;7;;"
"344;""CFA"";""CF8"";""C4"";""LQ"";2;8;;"
"344;""CFA"";""CF8"";""C4"";""LQ"";2;9;;"
"346;""CFA"";""CF8"";""C4"";""A25"";4;11;;"
"346;""CFA"";""CF8"";""C4"";""A25"";4;12;;"
"348;""CFA"";""CF2"";""C2"";""LFI"";3;9;;"
"348;""CFA"";""CF2"";""C2"";""LFI"";3;10;;"
"353;""E2C"";""ES8"";""tut1rcicle"";""A15"";2;1;;"
"353;""E2C"";""FR3"";""tut1rcicle"";""A15"";2;1;;"
"354;""E2C"";""FQ6"";""EXP"";""A15"";2;5;;"
"354;""E2C"";""FQ6"";""EXP"";""A15"";5;1;;"
"354;""E2C"";""FQ6"";""EXPB"";""A15"";2;5;;"
"354;""E2C"";""FQ6"";""EXPB"";""A15"";5;1;;"
"356;""E3C"";""CA11"";""tut3r"";""A23"";2;3;;"
"356;""E3D"";""AN7"";""tut3r"";""A24"";2;3;;"
"356;""E3C"";""CA8"";""tut3r"";""A23"";2;3;;"
"357;""E4A"";""TE4"";""TEC"";""A01"";2;8;;"
"357;""E4A"";""TE4"";""TEC"";""A01"";3;4;;"
"357;""E4A"";""TE4"";""TECB"";""A01"";2;8;;"
"357;""E4A"";""TE4"";""TECB"";""A01"";3;4;;"
"358;""E4A"";""TE4"";""TIC"";""AING"";2;7;;"
"358;""E4A"";""TE4"";""TIC"";""AING"";3;2;;"
"358;""E4A"";""TE4"";""TIC"";""AING"";5;4;;"
"359;""E4B"";""FI5"";""ETIC"";""A05"";2;4;;"
"364;""E4D"";""CA4"";""CAT"";""A08"";1;1;;"
"364;""E4D"";""CA4"";""CAT"";""A08"";3;5;;"
"364;""E4D"";""CA4"";""CAT"";""A08"";4;3;;"
"365;""E4D"";""HI1"";""SOC"";""A08"";2;5;;"
"365;""E4D"";""HI1"";""SOC"";""A08"";3;1;;"
"365;""E4D"";""HI1"";""SOC"";""A08"";4;4;;"
"366;""E4D"";""AN5"";""ANG"";""A08"";2;4;;"
"366;""E4D"";""AN5"";""ANG"";""A08"";3;2;;"
"367;""RCO"";""ES4"";""RSS"";;3;5;;"
"367;""RCO"";""DI1"";""RSS"";;3;5;;"
"367;""RCO"";""FQ4"";""RSS"";;3;5;;"
"367;""RCO"";""PS1"";""RSS"";;3;5;;"
"367;""RCO"";""PE1"";""RSS"";;3;5;;"
"368;""RD1"";""DI1"";""RED"";;2;6;;"
"368;""RD1"";""AN2"";""RED"";;2;6;;"
"368;""RD1"";""TE13"";""RED"";;2;6;;"
"368;""RD1"";""CA6"";""RED"";;2;6;;"
"368;""RD1"";""MA1"";""RED"";;2;6;;"
"368;""RD1"";""MU6"";""RED"";;2;6;;"
"368;""RD1"";""CN6"";""RED"";;2;6;;"
"368;""RD1"";""AN5"";""RED"";;2;6;;"
"368;""RD1"";""ES4"";""RED"";;2;6;;"
"368;""RD1"";""HI5"";""RED"";;2;6;;"
"368;""RD1"";""EC1"";""RED"";;2;6;;"
"369;""E4D"";""MA3"";""MAT"";""A08"";2;7;;"
"369;""E4D"";""MA3"";""MAT"";""A08"";3;3;;"
"369;""E4D"";""MA3"";""MAT"";""A08"";4;2;;"
"369;""E4D"";""MA3"";""MAT"";""A08"";5;1;;"
"290;""E1C"";""TE3"";""TIC"";""AING"";4;1;;"
"290;""E1C"";""TE9"";""TIC"";""AINM"";4;1;;"
"370;""E1D"";""TE9"";""TIC"";""AING"";1;4;;"
"370;""E1D"";""TE3"";""TIC"";""AINM"";1;4;;"
"352;""CFA"";""CF4"";""C1"";""A25"";5;11;;"
"352;""CFA"";""CF4"";""C1"";""A25"";5;12;;"
"377;""CFA"";""CF8"";""C8"";""A25"";1;11;;"
"377;""CFA"";""CF8"";""C8"";""A25"";1;12;;"
"399;""E2B"";""FQ6"";""EXP"";""A18"";1;3;;"
"399;""E2B"";""FQ6"";""EXP"";""A18"";3;3;;"
"399;""E2B"";""FQ6"";""EXPB"";""A18"";1;3;;"
"399;""E2B"";""FQ6"";""EXPB"";""A18"";3;3;;"
"402;""E2D"";""FQ6"";""EXP"";""A16"";1;1;;"
"402;""E2D"";""FQ6"";""EXP"";""A16"";2;2;;"
"402;""E2D"";""FQ6"";""EXPB"";""A16"";1;1;;"
"402;""E2D"";""FQ6"";""EXPB"";""A16"";2;2;;"
"403;""E4A"";""FQ6"";""EXP"";""A01"";3;5;;"
"403;""E4A"";""FQ6"";""EXP"";""A01"";4;1;;"
"403;""E4A"";""FQ6"";""EXPB"";""A01"";3;5;;"
"403;""E4A"";""FQ6"";""EXPB"";""A01"";4;1;;"
"404;""E4C"";""MA3"";""MAT"";""A07"";1;1;;"
"404;""E4C"";""MA3"";""MAT"";""A07"";2;8;;"
"404;""E4C"";""MA3"";""MAT"";""A07"";3;1;;"
"404;""E4C"";""MA3"";""MAT"";""A07"";4;3;;"
"405;""B1A"";""AN7"";""ANG"";""AAN"";5;2;;"
"405;""B1A"";""AN4"";""ANG"";""A26"";5;2;;"
"406;""B1B"";""AN4"";""ANG"";""A28"";3;4;;"
"406;""B1B"";""AN7"";""ANG"";""AAN"";3;4;;"
"408;""RCO"";""ES4"";""REC"";;4;2;;"
"408;""RCO"";""DI1"";""REC"";;4;2;;"
"408;""RCO"";""FQ4"";""REC"";;4;2;;"
"409;""CORAL"";""MU1"";""CORAL"";""AMU"";2;6;;"
"414;""RDI"";""DI1"";""RES"";;4;6;;"
"414;""RDI"";""DI6"";""RES"";;4;6;;"
"415;""CFB"";""CF4"";""C5"";;3;9;;"
"415;""CFB"";""CF4"";""C5"";;3;10;;"
"415;""CFB"";""CF4"";""C5"";;5;7;;"
"420;""E1C"";""CA6"";""R1"";""A04"";1;3;;"
"420;""E1C"";""CA6"";""R1"";""A04"";2;3;;"
"420;""E1C"";""CA6"";""R1"";""A04"";4;5;;"
"420;""E1D"";""ES4"";""R1"";""A06"";1;3;;"
"420;""E1D"";""ES4"";""R1"";""A06"";2;3;;"
"420;""E1D"";""ES4"";""R1"";""A06"";4;5;;"
"420;""1CD"";""MA1"";""R1"";""A17"";1;3;;"
"420;""1CD"";""MA1"";""R1"";""A02"";2;3;;"
"420;""1CD"";""MA1"";""R1"";""A02"";4;5;;"
"421;""E1C"";""MA1"";""R2"";""A04"";1;2;;"
"421;""E1C"";""MA1"";""R2"";""A04"";3;2;;"
"421;""E1C"";""MA1"";""R2"";""A04"";5;4;;"
"421;""E1D"";""CA6"";""R2"";""A06"";1;2;;"
"421;""E1D"";""CA6"";""R2"";""A06"";3;2;;"
"421;""E1D"";""CA6"";""R2"";""A06"";5;4;;"
"421;""1CD"";""ES4"";""R2"";""A01"";1;2;;"
"421;""1CD"";""ES4"";""R2"";""A05"";3;2;;"
"421;""1CD"";""ES4"";""R2"";""A01"";5;4;;"
"422;""E1C"";""ES4"";""R3"";""A04"";2;2;;"
"422;""E1C"";""ES4"";""R3"";""A04"";4;4;;"
"422;""E1C"";""ES4"";""R3"";""A04"";5;3;;"
"422;""E1D"";""MA1"";""R3"";""A06"";2;2;;"
"422;""E1D"";""MA1"";""R3"";""A06"";4;4;;"
"422;""E1D"";""MA1"";""R3"";""A06"";5;3;;"
"422;""1CD"";""CA6"";""R3"";""A23"";2;2;;"
"422;""1CD"";""CA6"";""R3"";""A23"";4;4;;"
"422;""1CD"";""CA6"";""R3"";""A22"";5;3;;"
"423;""E1C"";""AN5"";""ANG"";""A04"";2;8;;"
"423;""E1C"";""AN5"";""ANG"";""A04"";4;2;;"
"425;""E2A"";""MU1"";""MUS"";""AMU"";1;4;;"
"425;""E2A"";""MU1"";""MUS"";""AMU"";4;3;;"
"427;""E2A"";""DI6"";""PLA"";""ADI"";4;2;;"
"427;""E2A"";""DI6"";""PLA"";""ADI"";5;3;;"
"428;""E2B"";""MU1"";""MUS"";""AMU"";2;5;;"
"428;""E2B"";""MU1"";""MUS"";""AMU"";5;3;;"
"355;""E2C"";""DI6"";""PLA"";""ADI"";2;2;;"
"355;""E2C"";""DI6"";""PLA"";""A15"";5;4;;"
"430;""E2C"";""MU1"";""MUS"";""AMU"";3;5;;"
"430;""E2C"";""MU1"";""MUS"";""AMU"";5;2;;"
"433;""E2D"";""MU1"";""MUS"";""AMU"";2;1;;"
"433;""E2D"";""MU1"";""MUS"";""AMU"";4;8;;"
"42;""E2B"";""MA1"";""CV1"";""A18"";2;4;;"
"42;""E2B"";""MA1"";""CV1"";""A18"";4;7;;"
"42;""E2C"";""MU1"";""CV1"";""AMU"";2;4;;"
"42;""E2C"";""MU1"";""CV1"";""AMU"";4;7;;"
"42;""E2D"";""ES7"";""CV1"";""A16"";2;4;;"
"42;""E2D"";""ES7"";""CV1"";""A16"";4;7;;"
"42;""E2A"";""FR3"";""CV1"";""AFR"";2;4;;"
"42;""E2A"";""FR3"";""CV1"";""AFR"";4;7;;"
"42;""E2B"";""CL3"";""CV1"";""A15"";2;4;;"
"42;""E2B"";""CL3"";""CV1"";""A15"";4;7;;"
"42;""E2A"";""PS1"";""CV1"";""A17"";2;4;;"
"42;""E2A"";""PS1"";""CV1"";""A17"";4;7;;"
"42;""E2C"";""AN2"";""CV1"";""AAN"";2;4;;"
"42;""E2C"";""AN2"";""CV1"";""AAN"";4;7;;"
"42;""E2D"";""CL1"";""CV1"";""SCL"";2;4;;"
"42;""E2D"";""CL1"";""CV1"";""SCL"";4;7;;"
"435;""E3C"";""MU1"";""CV2"";""AMU"";1;6;;"
"435;""E3C"";""MU1"";""CV2"";""AMU"";4;4;;"
"435;""E3D"";""FR3"";""CV2"";""A24"";1;6;;"
"435;""E3D"";""FR3"";""CV2"";""A24"";4;4;;"
"435;""E3D"";""MA3"";""CV2"";""AING"";1;6;;"
"435;""E3D"";""MA3"";""CV2"";""AING"";4;4;;"
"435;""E3B"";""DI6"";""CV2"";""ADI"";1;6;;"
"435;""E3B"";""DI6"";""CV2"";""ADI"";4;4;;"
"435;""E3B"";""CA12"";""CV2"";""A22"";1;6;;"
"435;""E3B"";""CA12"";""CV2"";""A22"";4;4;;"
"435;""E3A"";""AN2"";""CV2"";""A21"";1;6;;"
"435;""E3A"";""AN2"";""CV2"";""A21"";4;4;;"
"437;""E3B"";""CA11"";""CAT"";""A22"";1;3;;"
"437;""E3B"";""CA11"";""CAT"";""A22"";3;5;;"
"437;""E3B"";""CA11"";""CAT"";""A22"";5;4;;"
"438;""E3B"";""AN7"";""ANG"";""A22"";3;3;;"
"438;""E3B"";""AN7"";""ANG"";""A22"";4;7;;"
"439;""E3B"";""MA2"";""MAT"";""A22"";1;1;;"
"439;""E3B"";""MA2"";""MAT"";""A22"";2;8;;"
"439;""E3B"";""MA2"";""MAT"";""A22"";4;3;;"
"439;""E3B"";""MA2"";""MAT"";""A22"";5;1;;"
"440;""E3B"";""ES2"";""ESP"";""A22"";2;4;;"
"440;""E3B"";""ES2"";""ESP"";""A22"";4;5;;"
"440;""E3B"";""ES2"";""ESP"";""A22"";5;2;;"
"378;""CFA"";""CF4"";""C5"";""A25"";2;11;;"
"378;""CFA"";""CF4"";""C5"";""A25"";2;12;;"
"378;""CFA"";""CF4"";""C5"";""A25"";5;10;;"
"459;""E1D"";""HI5"";""SOC"";""A06"";2;5;;"
"459;""E1D"";""HI5"";""SOC"";""A06"";3;3;;"
"459;""E1D"";""HI5"";""SOC"";""A06"";4;8;;"
"460;""E4A"";""FI5"";""ETIC"";""A01"";4;2;;"
"461;""B1A"";""TE1"";""CMC"";""A26"";3;6;;"
"461;""B1A"";""TE1"";""CMC"";""A26"";4;4;;"
"462;""B1B"";""TE1"";""CMC"";""A28"";2;4;;"
"462;""B1B"";""TE1"";""CMC"";""A28"";4;1;;"
"464;""E4B"";""CN7"";""BLOC2a"";""A05"";3;4;;"
"464;""E4B"";""CN7"";""BLOC2b"";""A05"";3;4;;"
"464;""E4D"";""TE3"";""BLOC3a"";""A08"";3;4;;"
"464;""E4D"";""TE3"";""BLOC3b"";""A08"";3;4;;"
"464;""E4C"";""CL3"";""BLOC1a"";""A07"";3;4;;"
"464;""E4C"";""MU1"";""BLOC2b"";""AMU"";3;4;;"
"465;""E4B"";""TE3"";""BLOC3a"";""A05"";1;3;;"
"465;""E4B"";""TE3"";""BLOC3b"";""A05"";1;3;;"
"465;""E4D"";""FQ4"";""BLOC1a"";""A08"";1;3;;"
"465;""E4D"";""FQ4"";""BLOC1b"";""A08"";1;3;;"
"465;""E4C"";""MU1"";""BLOC2a"";""AMU"";1;3;;"
"465;""E4C"";""CL3"";""BLOC1b"";""A07"";1;3;;"
"466;""E4B"";""FQ4"";""BLOC1a"";""A05"";2;3;;"
"466;""E4B"";""FQ4"";""BLOC1b"";""A05"";2;3;;"
"466;""E4D"";""CN7"";""BLOC2a"";""LGE"";2;3;;"
"466;""E4D"";""TE3"";""BLOC3b"";""ATE2"";2;3;;"
"466;""E4C"";""CL3"";""BLOC1a"";""A07"";2;3;;"
"466;""E4C"";""MU1"";""BLOC2b"";""AMU"";2;3;;"
"467;""E4B"";""CN7"";""BLOC2a"";""A05"";4;7;;"
"467;""E4B"";""CN7"";""BLOC2b"";""A05"";4;7;;"
"467;""E4D"";""TE3"";""BLOC3a"";""ATE2"";4;7;;"
"467;""E4D"";""FQ3"";""BLOC1b"";""LFI"";4;7;;"
"467;""E4C"";""CA4"";""BLOC3a"";""A08"";4;7;;"
"467;""E4C"";""HI1"";""BLOC3b"";""A07"";4;7;;"
"468;""E4B"";""TE3"";""BLOC3a"";""A05"";3;6;;"
"468;""E4B"";""TE3"";""BLOC3b"";""A05"";3;6;;"
"468;""E4D"";""FQ4"";""BLOC1a"";""LFI"";3;6;;"
"468;""E4D"";""CN7"";""BLOC2b"";""LGE"";3;6;;"
"468;""E4C"";""CA4"";""BLOC3a"";""A08"";3;6;;"
"468;""E4C"";""HI1"";""BLOC3b"";""A07"";3;6;;"
"469;""E4B"";""CN7"";""BLOC2a"";""LGE"";2;2;;"
"469;""E4B"";""TE3"";""BLOC3b"";""ATE1"";2;2;;"
"469;""E4D"";""FQ4"";""BLOC1a"";""A08"";2;2;;"
"469;""E4D"";""FQ4"";""BLOC1b"";""A08"";2;2;;"
"469;""E4C"";""MU1"";""BLOC2a"";""AMU"";2;2;;"
"469;""E4C"";""CL3"";""BLOC1b"";""A07"";2;2;;"
"470;""E4B"";""TE3"";""BLOC3a"";""ATE2"";5;4;;"
"470;""E4B"";""FQ4"";""BLOC1b"";""LFI"";5;4;;"
"470;""E4D"";""CN7"";""BLOC2a"";""A08"";5;4;;"
"470;""E4D"";""CN7"";""BLOC2b"";""A08"";5;4;;"
"470;""E4C"";""CA4"";""BLOC3a"";""A05"";5;4;;"
"470;""E4C"";""HI1"";""BLOC3b"";""A07"";5;4;;"
"471;""E4B"";""FQ3"";""BLOC1a"";""LFI"";1;5;;"
"471;""E4B"";""CN7"";""BLOC2b"";""LGE"";1;5;;"
"471;""E4D"";""TE3"";""BLOC3a"";""A08"";1;5;;"
"471;""E4D"";""TE3"";""BLOC3b"";""A08"";1;5;;"
"471;""E4C"";""CL3"";""BLOC1a"";""A07"";1;5;;"
"471;""E4C"";""MU1"";""BLOC2b"";""AMU"";1;5;;"
"472;""E4B"";""TE3"";""BLOC4"";""AING"";1;2;;"
"472;""E4B"";""TE3"";""BLOC4"";""AING"";4;8;;"
"472;""E4B"";""TE3"";""BLOC4"";""AING"";5;6;;"
"472;""E4C"";""TE13"";""BLOC4"";""AINM"";1;2;;"
"472;""E4C"";""TE13"";""BLOC4"";""AINM"";4;8;;"
"472;""E4C"";""TE13"";""BLOC4"";""AINM"";5;6;;"
"472;""E4D"";""DI6"";""BLOC4"";""ADI"";1;2;;"
"472;""E4D"";""DI6"";""BLOC4"";""ADI"";4;8;;"
"472;""E4D"";""DI6"";""BLOC4"";""ADI"";5;6;;"
"472;""E4B"";""FR3"";""BLOC4"";""A05"";1;2;;"
"472;""E4B"";""FR3"";""BLOC4"";""A05"";4;8;;"
"472;""E4B"";""FR3"";""BLOC4"";""A05"";5;6;;"
"472;""E4C"";""CN6"";""BLOC4"";""A07"";1;2;;"
"472;""E4C"";""CN6"";""BLOC4"";""A07"";4;8;;"
"472;""E4C"";""CN6"";""BLOC4"";""A07"";5;6;;"
"480;""B2B"";""AN5"";""ANG"";""AAN"";1;6;;"
"480;""B2B"";""AN3"";""ANG"";""A27"";1;6;;"
"491;""B2A"";""AN5"";""ANG"";""A25"";2;3;;"
"491;""B2A"";""AN3"";""ANG"";""AAN"";2;3;;"
"498;""E1B"";""TE13"";""tut1rcicle"";""A03"";4;5;;"
"498;""E1B"";""MU6"";""tut1rcicle"";""A03"";4;5;;"
"499;""E1D"";""MA1"";""tut1rcicle"";""A06"";3;4;;"
"499;""E1D"";""DI6"";""tut1rcicle"";""A06"";3;4;;"
"501;""CORAL"";""CL3"";""TEA"";;4;6;;"
"502;""E4A"";""TE4"";""TEC"";""ATE1"";1;2;;"
"502;""E4A"";""FQ6"";""EXP"";""LFI"";1;2;;"
"502;;""D4A"";;;1;2;;"
"503;""E4A"";""TE4"";""TECB"";""ATE2"";1;4;;"
"503;""E4A"";""FQ6"";""EXPB"";""LFI"";1;4;;"
"503;;""D4A"";;;1;4;;"
"510;""CFB"";""CF8"";""EINES"";""LQ"";5;10;;"
"510;""CFB"";""CF8"";""EINES"";""LQ"";5;11;;"
"510;""CFB"";""CF8"";""EINES"";""LQ"";5;12;;"
"521;""E1A"";""EF1"";""EDF"";""PIS1"";2;3;;"
"521;""E1A"";""EF1"";""EDF"";""PIS1"";4;5;;"
"522;""E1A"";""MU6"";""MUS"";""AVI"";2;7;;"
"522;""E1A"";""MU6"";""MUS"";""AVI"";3;1;;"
"523;""E1A"";""DI1"";""PLA"";""ADI"";2;8;;"
"523;""E1A"";""DI1"";""PLA"";""ADI"";4;1;;"
"524;""E1B"";""CN6"";""EXP"";""A03"";3;4;;"
"524;""E1B"";""CN6"";""EXP"";""A03"";4;4;;"
"524;""E1B"";""CN6"";""EXPB"";""A03"";3;4;;"
"524;""E1B"";""CN6"";""EXPB"";""A03"";4;4;;"
"525;""E1B"";""MU6"";""MUS"";""AVI"";2;1;;"
"525;""E1B"";""MU6"";""MUS"";""AVI"";3;3;;"
"526;""E1B"";""DI1"";""PLA"";""A03"";1;2;;"
"526;""E1B"";""DI1"";""PLA"";""ADI"";2;7;;"
"527;""E1B"";""EF1"";""EDF"";""PIS1"";2;8;;"
"527;""E1B"";""EF1"";""EDF"";""PIS1"";4;1;;"
"528;""E1C"";""MU6"";""MUS"";""AVI"";2;4;;"
"528;""E1C"";""MU6"";""MUS"";""AVI"";3;4;;"
"529;""E1C"";""DI1"";""PLA"";""ADI"";1;1;;"
"529;""E1C"";""DI1"";""PLA"";""ADI"";2;1;;"
"530;""E1C"";""HI5"";""SOC"";""A04"";3;5;;"
"530;""E1C"";""HI5"";""SOC"";""A04"";4;7;;"
"530;""E1C"";""HI5"";""SOC"";""A04"";5;2;;"
"531;""E1C"";""CN7"";""EXP"";""A04"";4;3;;"
"531;""E1C"";""CN7"";""EXP"";""A04"";5;1;;"
"531;""E1C"";""CN7"";""EXPB"";""A04"";4;3;;"
"531;""E1C"";""CN7"";""EXPB"";""A04"";5;1;;"
"532;""E1C"";""EF1"";""EDF"";""PIS1"";1;5;;"
"532;""E1C"";""EF1"";""EDF"";""PIS1"";2;7;;"
"533;""E1D"";""MU6"";""MUS"";""AVI"";2;8;;"
"533;""E1D"";""MU6"";""MUS"";""AVI"";4;7;;"
"534;""E1D"";""DI1"";""PLA"";""ADI"";2;4;;"
"534;""E1D"";""DI1"";""PLA"";""ADI"";3;1;;"
"535;""E1D"";""EF1"";""EDF"";""PIS1"";1;1;;"
"535;""E1D"";""EF1"";""EDF"";""PIS1"";4;2;;"
"536;""E1D"";""CN7"";""EXP"";""A06"";3;5;;"
"536;""E1D"";""CN7"";""EXP"";""A06"";5;2;;"
"536;""E1D"";""CN7"";""EXPB"";;3;5;;"
"536;""E1D"";""CN7"";""EXPB"";;5;2;;"
"537;""E2A"";""TE9"";""TEC"";""A17"";2;5;;"
"537;""E2A"";""TE9"";""TECB"";""A17"";2;5;;"
"538;""E2A"";""EF3"";""EDF"";""PIS2"";1;3;;"
"538;""E2A"";""EF3"";""EDF"";""PIS2"";3;3;;"
"539;""E2B"";""TE9"";""TEC"";""A18"";5;4;;"
"539;""E2B"";""TE9"";""TECB"";""A18"";5;4;;"
"541;""E2B"";""DI6"";""PLA"";""ADI"";4;5;;"
"541;""E2B"";""DI6"";""PLA"";""ADI"";5;5;;"
"542;""E2C"";""EF3"";""EDF"";""PIS2"";1;1;;"
"542;""E2C"";""EF3"";""EDF"";""PIS2"";4;8;;"
"543;""E2C"";""TE9"";""TEC"";""A15"";2;3;;"
"543;""E2C"";""TE9"";""TECB"";""A15"";2;3;;"
"544;""E2D"";""DI6"";""PLA"";""ADI"";3;5;;"
"544;""E2D"";""DI6"";""PLA"";""ADI"";5;1;;"
"545;""E2D"";""TE9"";""TEC"";""A16"";2;7;;"
"545;""E2D"";""TE9"";""TECB"";""A16"";2;7;;"
"548;""E3C"";""AN7"";""ANG"";""A23"";2;1;;"
"548;""E3C"";""AN7"";""ANG"";""A23"";4;8;;"
"549;""E3C"";""CA11"";""CAT"";""A23"";2;5;;"
"549;""E3C"";""CA11"";""CAT"";""A23"";3;3;;"
"549;""E3C"";""CA11"";""CAT"";""A23"";5;2;;"
"550;""E3C"";""PS1"";""ESP"";""A23"";1;2;;"
"550;""E3C"";""PS1"";""ESP"";""A23"";3;1;;"
"550;""E3C"";""PS1"";""ESP"";""A23"";5;4;;"
"551;""E3C"";""MA7"";""MAT"";""A23"";1;4;;"
"551;""E3C"";""MA7"";""MAT"";""A23"";2;7;;"
"551;""E3C"";""MA7"";""MAT"";""A23"";3;2;;"
"551;""E3C"";""MA7"";""MAT"";""A23"";4;3;;"
"552;""E3D"";""AN7"";""ANG"";""A24"";3;1;;"
"552;""E3D"";""AN7"";""ANG"";""A24"";4;3;;"
"553;""E3D"";""CA11"";""CAT"";""A24"";1;4;;"
"553;""E3D"";""CA11"";""CAT"";""A24"";3;2;;"
"553;""E3D"";""CA11"";""CAT"";""A24"";4;8;;"
"554;""E3D"";""ES2"";""ESP"";""A24"";2;2;;"
"554;""E3D"";""ES2"";""ESP"";""A24"";4;1;;"
"554;""E3D"";""ES2"";""ESP"";""A24"";5;3;;"
"555;""E3D"";""MA7"";""MAT"";""A24"";1;3;;"
"555;""E3D"";""MA7"";""MAT"";""A24"";2;8;;"
"555;""E3D"";""MA7"";""MAT"";""A24"";3;3;;"
"555;""E3D"";""MA7"";""MAT"";""A24"";4;2;;"
"557;""E4B"";""AN5"";""ANG"";""A05"";4;4;;"
"557;""E4B"";""AN4"";""ANG"";""AAN"";4;4;;"
"558;""E4C"";""AN3"";""ANG"";""A07"";5;3;;"
"558;""E4C"";""AN5"";""ANG"";""AFR"";5;3;;"
"559;""E4D"";""AN5"";""ANG"";""A08"";5;2;;"
"559;""E4D"";""AN3"";""ANG"";""AFR"";5;2;;"
"560;""B2A"";""HI6"";""HIS"";""A25"";1;6;;"
"560;""B2A"";""HI6"";""HIS"";""A25"";2;1;;"
"560;""B2A"";""HI6"";""HIS"";""A25"";4;2;;"
"561;""B2B"";""HI6"";""HIS"";""A27"";2;3;;"
"561;""B2B"";""HI6"";""HIS"";""A27"";3;1;;"
"561;""B2B"";""HI6"";""HIS"";""A27"";4;5;;"
"562;""E4B"";""FQ4"";""BLOC1a"";""A05"";4;5;;"
"562;""E4B"";""FQ4"";""BLOC1b"";""A05"";4;5;;"
"562;""E4D"";""CN7"";""BLOC2a"";""A08"";4;5;;"
"562;""E4D"";""CN7"";""BLOC2b"";""A08"";4;5;;"
"562;""E4C"";""MU1"";""BLOC2a"";""AMU"";4;5;;"
"562;""E4C"";""CL3"";""BLOC1b"";""A07"";4;5;;"
"564;""PAC"";""MA1"";""IMPULS"";;3;3;;"
"564;""PAC"";""CL3"";""IMPULS"";;3;3;;"
"564;""PAC"";""FQ4"";""IMPULS"";;3;3;;"
"564;""PAC"";""MA2"";""IMPULS"";;3;3;;"
"564;""PAC"";""ES4"";""IMPULS"";;3;3;;"
"564;""PAC"";""MA4"";""IMPULS"";;3;3;;"
"564;""PAC"";""TE4"";""IMPULS"";;3;3;;"
"564;""PAC"";""CL1"";""IMPULS"";;3;3;;"
"566;""CFA"";""CF3"";""C6"";""A25"";1;8;;"
"566;""CFA"";""CF3"";""C6"";""A25"";4;7;;"
"566;""CFA"";""CF3"";""C6"";""A25"";4;8;;"
"570;""CFTUTA"";""CF7"";""CFTUT"";;5;6;;"
"571;""E1A"";""MA1"";""R3"";""A02"";1;4;;"
"571;""E1A"";""MA1"";""R3"";""A02"";4;2;;"
"571;""E1A"";""MA1"";""R3"";""A02"";5;5;;"
"571;""E1B"";""HI5"";""R3"";""A03"";1;4;;"
"571;""E1B"";""HI5"";""R3"";""A03"";4;2;;"
"571;""E1B"";""HI5"";""R3"";""A03"";5;5;;"
"571;""1AB"";""CA6"";""R3"";""A06"";1;4;;"
"571;""1AB"";""CA6"";""R3"";""A06"";4;2;;"
"571;""1AB"";""CA6"";""R3"";""A08"";5;5;;"
"571;""1AB"";""PE1"";""R3"";""SFI"";1;4;;"
"571;""1AB"";""PE1"";""R3"";""SFI"";4;2;;"
"571;""1AB"";""PE1"";""R3"";""SFI"";5;5;;"
"572;""E1B"";""AN2"";""ANG"";""A03"";1;1;;"
"572;""E1B"";""AN2"";""ANG"";""A03"";2;5;;"
"573;""E1A"";""AN2"";""ANG"";""A02"";1;2;;"
"573;""E1A"";""AN2"";""ANG"";""A02"";5;1;;"
"574;""E1A"";""AN2"";""ANG"";""A02"";2;1;;"
"574;""E1A"";""AN5"";""ANG"";""AAN"";2;1;;"
"575;""E1B"";""AN2"";""ANG"";""A03"";3;1;;"
"575;""E1B"";""AN5"";""ANG"";""AAN"";3;1;;"
"577;""E1C"";""AN5"";""ANG"";""A04"";5;5;;"
"577;""E1C"";""AN2"";""ANG"";""AAN"";5;5;;"
"578;""E1D"";""AN5"";""ANG"";""A06"";1;5;;"
"578;""E1D"";""AN5"";""ANG"";""A06"";5;1;;"
"580;""E2A"";""AN4"";""ANG"";""A17"";5;4;;"
"580;""E2A"";""AN3"";""ANG"";""AAN"";5;4;;"
"581;""E2B"";""AN3"";""ANG"";""A18"";2;7;;"
"581;""E2B"";""AN3"";""ANG"";""A18"";3;1;;"
"631;""E2B"";""DI6"";""tut1rcicle"";""A18"";3;2;;"
"631;""E2B"";""FR3"";""tut1rcicle"";""A18"";3;2;;"
"582;""E2B"";""AN4"";""ANG"";""A18"";4;3;;"
"582;""E2B"";""AN3"";""ANG"";""AFR"";4;3;;"
"583;""E2C"";""AN4"";""ANG"";""A15"";1;2;;"
"583;""E2C"";""AN3"";""ANG"";""AAN"";1;2;;"
"584;""E2D"";""AN4"";""ANG"";""A16"";2;5;;"
"584;""E2D"";""AN4"";""ANG"";""A16"";3;2;;"
"585;""E2D"";""AN4"";""ANG"";""A16"";1;3;;"
"585;""E2D"";""AN3"";""ANG"";""AAN"";1;3;;"
"586;""E3B"";""FQ3"";""EXP"";""LFI"";4;8;;"
"586;""E3B"";""FQ3"";""EXP"";""LFI"";5;3;;"
"586;""E3A"";""CN8"";""EXP"";""A21"";4;8;;"
"586;""E3A"";""CN8"";""EXP"";""A21"";5;3;;"
"586;""E3B"";""TE1"";""TEC"";""ATE2"";4;8;;"
"586;""E3B"";""TE1"";""TEC"";""ATE2"";5;3;;"
"586;""E3B"";""D3B"";""EXP"";""LBI"";4;8;;"
"586;""E3B"";""D3B"";""EXP"";""LBI"";5;3;;"
"586;""E3B"";""D3inB"";;""AINP"";4;8;;"
"586;""E3B"";""D3inB"";;""AING"";5;3;;"
"587;""E3A"";""AN7"";""ANG"";""A21"";4;2;;"
"587;""E3A"";""AN3"";""ANG"";""AAN"";4;2;;"
"589;""E3B"";""AN7"";""ANG"";""A22"";2;5;;"
"589;""E3B"";""AN3"";""ANG"";""AAN"";2;5;;"
"590;""E3C"";""AN4"";""ANG"";""A23"";5;3;;"
"590;""E3C"";""AN7"";""ANG"";""AAN"";5;3;;"
"591;""E3D"";""FQ3"";""EXP"";""A24"";4;5;;"
"591;""E3C"";""CN8"";""EXP"";""A23"";4;5;;"
"592;""E3D"";""AN4"";""ANG"";""A24"";5;1;;"
"592;""E3D"";""AN7"";""ANG"";""AAN"";5;1;;"
"593;""E4A"";""AN5"";""ANG"";""A01"";5;6;;"
"593;""E4A"";""AN4"";""ANG"";""AAN"";5;6;;"
"595;""CFA"";""CF2"";""C2_HOR"";""A25"";3;7;;"
"595;""CFA"";""CF2"";""C2_HOR"";""A25"";3;8;;"
"598;""E3B"";""FQ3"";""EXP"";""A22"";3;1;;"
"598;""E3A"";""CN8"";""EXP"";""A21"";3;1;;"
"599;""CFA"";""CF8"";""C1"";""A25"";2;10;;"
"601;""CFA"";""CF8"";""EINES"";""LQ"";5;7;;"
"601;""CFA"";""CF8"";""EINES"";""LQ"";5;8;;"
"601;""CFA"";""CF8"";""EINES"";""LQ"";5;9;;"
"605;""CFA"";""CF4"";""C7"";""A25"";4;9;;"
"605;""CFA"";""CF4"";""C7"";""A25"";4;10;;"
"606;""WEB"";""CF1"";""WEB"";;1;6;;"
"606;""WEB"";""CF1"";""WEB"";;3;4;;"
"607;""CFTUTB"";""CF2"";""CFTUT"";;1;6;;"
"610;""E1D"";""AN5"";""ANG"";""A06"";4;3;;"
"610;""E1D"";""AN2"";""ANG"";""AAN"";4;3;;"
"611;""E1B"";""TE13"";""ALT"";""A03"";5;3;;"
"616;""CFB"";""CF1"";""C4"";""A27"";3;7;;"
"616;""CFB"";""CF1"";""C4"";""A27"";3;8;;"
"618;""G2_8b"";""CF4"";""G2_8b"";;2;8;;"
"619;""G3_8"";""CF8"";""G3_8"";;3;8;;"
"621;""G3_7"";""CF8"";""G3_7"";;3;7;;"
"622;""G2_7b"";""CF2"";""G2_7b"";;2;7;;"
"623;""G3_7b"";""CF4"";""G3_7b"";;3;7;;"
"624;""G2_8"";""CF3"";""G2_8"";;2;8;;"
"625;""G3_8b"";""CF3"";""G3_8b"";;3;8;;"
"627;""G2_7"";""CF4"";""G2_7"";;2;7;;"
"629;""ESCLAT"";""PS1"";""TESCLAT"";""SES"";4;4;;"
"633;""CFB"";""CF4"";""C1"";""A27"";5;8;;"
"633;""CFB"";""CF4"";""C1"";""A27"";5;9;;"
"634;""CFB"";""CF8"";""C1"";""A27"";2;12;;"
"635;""CFB"";""CF2"";""C2_HOR"";""A27"";2;8;;"
"635;""CFB"";""CF2"";""C2_HOR"";""A27"";2;9;;"
"636;""CFB"";""CF1"";""C4"";""LQ"";1;9;;"
"636;""CFC"";""CF3"";""C3"";""LFI"";1;9;;"
"637;""CFB"";""CF3"";""C6"";""A27"";2;7;;"
"637;""CFB"";""CF3"";""C6"";""A27"";4;11;;"
"637;""CFB"";""CF3"";""C6"";""A27"";4;12;;"
"638;""CFB"";""CF4"";""C7"";""A27"";4;7;;"
"638;""CFB"";""CF4"";""C7"";""A27"";4;8;;"
"639;""CFB"";""CF8"";""C8"";""A27"";3;11;;"
"639;""CFB"";""CF8"";""C8"";""A27"";3;12;;"
"640;""CFB"";""CF3"";""C3"";""LFI"";1;10;;"
"640;""CFC"";""CF1"";""C4"";""LQ"";1;10;;"
